<?xml version = '1.0' encoding = 'UTF-8'?>
<Diagram class="oracle.dbtools.crest.swingui.relational.DPVRelational" name="ONE_ModelagemDados" id="D59377EE-4552-8A9D-EEAA-0FC86BCD7860">
<createdBy>ithallo</createdBy>
<modifiedBy>ithallo</modifiedBy>
<createdTime>2025-06-08 03:12:09 UTC</createdTime>
<autoRoute>false</autoRoute>
<boxInbox>true</boxInbox>
<showLegend>false</showLegend>
<showLabels>false</showLabels>
<showRelAttributes>false</showRelAttributes>
<gridEnabled>false</gridEnabled>
<showGrid>false</showGrid>
<diagramColor>-1</diagramColor>
<display>false</display>
<notation>1</notation>
<showComments>true</showComments>
<objectViews>
<OView class="oracle.dbtools.crest.swingui.relational.TVTable" oid="12255EA4-29C4-8224-05DA-CDDAF071C37A" otype="Table" vid="F129306B-2881-7C2B-A81A-3126C11C93B4">
<hideElementsInCurrentOnly>false</hideElementsInCurrentOnly>
<bounds x="296" y="235" width="526" height="196"/>
</OView>
<OView class="oracle.dbtools.crest.swingui.relational.TVTable" oid="1C9675C0-6F16-DCE3-1CD8-6D725612E2AF" otype="Table" vid="E56C3D74-2AE8-5790-7F39-7598E20AA744">
<hideElementsInCurrentOnly>false</hideElementsInCurrentOnly>
<bounds x="1000" y="396" width="623" height="182"/>
</OView>
<OView class="oracle.dbtools.crest.swingui.relational.TVTable" oid="2075F8C6-6CBF-E82D-BE94-24F96CDD5B29" otype="Table" vid="9EFE7A4C-21C5-7C82-62A0-B08C38D995DE">
<hideElementsInCurrentOnly>false</hideElementsInCurrentOnly>
<bounds x="999" y="205" width="450" height="168"/>
</OView>
<OView class="oracle.dbtools.crest.swingui.relational.TVTable" oid="28D6E717-4A87-0A8F-A179-1439A1A43AA2" otype="Table" vid="1E28E63A-792F-C5E8-40CB-FE800178D95C">
<hideElementsInCurrentOnly>false</hideElementsInCurrentOnly>
<bounds x="994" y="14" width="611" height="140"/>
</OView>
<OView class="oracle.dbtools.crest.swingui.relational.TVTable" oid="415F06F9-A1AD-583E-8527-FE61774FCA81" otype="Table" vid="5755E63B-D4F0-ED51-8DE6-7BC94C6A0933">
<hideElementsInCurrentOnly>false</hideElementsInCurrentOnly>
<bounds x="390" y="692" width="557" height="148"/>
</OView>
<OView class="oracle.dbtools.crest.swingui.relational.TVTable" oid="54A3DC67-453B-3F63-7DF0-F0703749B3CE" otype="Table" vid="E964B92F-0CD8-9BF6-0990-AC70C2E5CA10">
<hideElementsInCurrentOnly>false</hideElementsInCurrentOnly>
<bounds x="23" y="492" width="524" height="126"/>
</OView>
<OView class="oracle.dbtools.crest.swingui.relational.TVTable" oid="6B92459F-2CF9-50C0-F86F-3FAE32FD402B" otype="Table" vid="8DC0CE8F-6B06-2DCC-1FAE-5E7EF0856179">
<hideElementsInCurrentOnly>false</hideElementsInCurrentOnly>
<bounds x="998" y="616" width="556" height="154"/>
</OView>
<OView class="oracle.dbtools.crest.swingui.relational.TVTable" oid="7F4E4BDF-C589-EAC5-A7E4-17A63E7EF46D" otype="Table" vid="88369B04-280D-7A73-0161-3444859B17A8">
<hideElementsInCurrentOnly>false</hideElementsInCurrentOnly>
<bounds x="621" y="501" width="343" height="126"/>
</OView>
<OView class="oracle.dbtools.crest.swingui.relational.TVTable" oid="8EBDC7F6-74B3-9817-177E-3B91F177FB3B" otype="Table" vid="DA414BCE-651A-C575-D550-4C7D4F24A021">
<hideElementsInCurrentOnly>false</hideElementsInCurrentOnly>
<bounds x="241" y="0" width="644" height="210"/>
</OView>
</objectViews>
<connectors>
<Connector class="oracle.dbtools.crest.swingui.relational.TVFKRelation" oid="0A0668F5-9EBE-EF2E-D8BA-0BC62B989E5C" otype="FKIndexAssociation" vid_source="F129306B-2881-7C2B-A81A-3126C11C93B4" vid_target="E964B92F-0CD8-9BF6-0990-AC70C2E5CA10">
<hideElementsInCurrentOnly>false</hideElementsInCurrentOnly>
<backgroundColor>-16777216</backgroundColor>
<lineWidth>1</lineWidth>
<points>
<point x="421" y="431"/>
<point x="421" y="492"/>
</points>
</Connector>
<Connector class="oracle.dbtools.crest.swingui.relational.TVFKRelation" oid="3FD07824-9B59-A551-0329-DFD721112AA0" otype="FKIndexAssociation" vid_source="F129306B-2881-7C2B-A81A-3126C11C93B4" vid_target="E56C3D74-2AE8-5790-7F39-7598E20AA744">
<hideElementsInCurrentOnly>false</hideElementsInCurrentOnly>
<backgroundColor>-16777216</backgroundColor>
<lineWidth>1</lineWidth>
<points>
<point x="822" y="413"/>
<point x="1000" y="413"/>
</points>
</Connector>
<Connector class="oracle.dbtools.crest.swingui.relational.TVFKRelation" oid="4F782C23-2D86-9244-D5AD-C5C5ADDF78F7" otype="FKIndexAssociation" vid_source="DA414BCE-651A-C575-D550-4C7D4F24A021" vid_target="1E28E63A-792F-C5E8-40CB-FE800178D95C">
<hideElementsInCurrentOnly>false</hideElementsInCurrentOnly>
<backgroundColor>-16777216</backgroundColor>
<lineWidth>1</lineWidth>
<points>
<point x="885" y="99"/>
<point x="994" y="99"/>
</points>
</Connector>
<Connector class="oracle.dbtools.crest.swingui.relational.TVFKRelation" oid="50310F5D-FCD1-EC95-BEEB-E4EA23D6F9B4" otype="FKIndexAssociation" vid_source="DA414BCE-651A-C575-D550-4C7D4F24A021" vid_target="F129306B-2881-7C2B-A81A-3126C11C93B4">
<hideElementsInCurrentOnly>false</hideElementsInCurrentOnly>
<backgroundColor>-16777216</backgroundColor>
<lineWidth>1</lineWidth>
<points>
<point x="559" y="210"/>
<point x="559" y="235"/>
</points>
</Connector>
<Connector class="oracle.dbtools.crest.swingui.relational.TVFKRelation" oid="627B1793-23C0-32B6-F4B1-1F10A6837CFB" otype="FKIndexAssociation" vid_source="1E28E63A-792F-C5E8-40CB-FE800178D95C" vid_target="DA414BCE-651A-C575-D550-4C7D4F24A021">
<hideElementsInCurrentOnly>false</hideElementsInCurrentOnly>
<backgroundColor>-16777216</backgroundColor>
<lineWidth>1</lineWidth>
<points>
<point x="994" y="84"/>
<point x="885" y="84"/>
</points>
</Connector>
<Connector class="oracle.dbtools.crest.swingui.relational.TVFKRelation" oid="7D6C2665-7EED-935D-077D-722BE43F5BFC" otype="FKIndexAssociation" vid_source="F129306B-2881-7C2B-A81A-3126C11C93B4" vid_target="9EFE7A4C-21C5-7C82-62A0-B08C38D995DE">
<hideElementsInCurrentOnly>false</hideElementsInCurrentOnly>
<backgroundColor>-16777216</backgroundColor>
<lineWidth>1</lineWidth>
<points>
<point x="822" y="304"/>
<point x="999" y="304"/>
</points>
</Connector>
<Connector class="oracle.dbtools.crest.swingui.relational.TVFKRelation" oid="93838FAF-D77F-352B-55B6-158F2FDEAEE5" otype="FKIndexAssociation" vid_source="E56C3D74-2AE8-5790-7F39-7598E20AA744" vid_target="8DC0CE8F-6B06-2DCC-1FAE-5E7EF0856179">
<hideElementsInCurrentOnly>false</hideElementsInCurrentOnly>
<backgroundColor>-16777216</backgroundColor>
<lineWidth>1</lineWidth>
<points>
<point x="1277" y="578"/>
<point x="1277" y="616"/>
</points>
</Connector>
<Connector class="oracle.dbtools.crest.swingui.relational.TVFKRelation" oid="B7708FB8-5A63-438B-B832-A4E09B6F12D4" otype="FKIndexAssociation" vid_source="5755E63B-D4F0-ED51-8DE6-7BC94C6A0933" vid_target="88369B04-280D-7A73-0161-3444859B17A8">
<hideElementsInCurrentOnly>false</hideElementsInCurrentOnly>
<backgroundColor>-16777216</backgroundColor>
<lineWidth>1</lineWidth>
<points>
<point x="784" y="692"/>
<point x="784" y="627"/>
</points>
</Connector>
<Connector class="oracle.dbtools.crest.swingui.relational.TVFKRelation" oid="FB530570-0906-0012-CAF7-58B50723FE2A" otype="FKIndexAssociation" vid_source="F129306B-2881-7C2B-A81A-3126C11C93B4" vid_target="88369B04-280D-7A73-0161-3444859B17A8">
<hideElementsInCurrentOnly>false</hideElementsInCurrentOnly>
<backgroundColor>-16777216</backgroundColor>
<lineWidth>1</lineWidth>
<points>
<point x="721" y="431"/>
<point x="721" y="501"/>
</points>
</Connector>
</connectors>
</Diagram>