<?xml version = '1.0' encoding = 'UTF-8'?>
<Diagram class="oracle.dbtools.crest.swingui.relational.DPVRelational" name="ONE_ModelagemDados" id="027E39CC-4403-2184-87FE-6C35972F4BB5">
<createdBy>ithallo</createdBy>
<modifiedBy>ithallo</modifiedBy>
<createdTime>2025-06-07 18:57:09 UTC</createdTime>
<autoRoute>false</autoRoute>
<boxInbox>true</boxInbox>
<showLegend>false</showLegend>
<showLabels>false</showLabels>
<showRelAttributes>false</showRelAttributes>
<gridEnabled>false</gridEnabled>
<showGrid>false</showGrid>
<diagramColor>-1</diagramColor>
<display>false</display>
<notation>1</notation>
<showComments>true</showComments>
<objectViews>
<OView class="oracle.dbtools.crest.swingui.relational.TVTable" oid="706F1044-945F-C309-1EAD-F627F162C7DF" otype="Table" vid="FD7BECB3-BC2F-DD13-B35D-501B9ABA2ED3">
<hideElementsInCurrentOnly>false</hideElementsInCurrentOnly>
<bounds x="64" y="258" width="485" height="162"/>
</OView>
<OView class="oracle.dbtools.crest.swingui.relational.TVTable" oid="A8F4583C-943D-FDCD-D8E7-E208E872B416" otype="Table" vid="206F4486-CC62-6564-088E-A1C011F7EB24">
<hideElementsInCurrentOnly>false</hideElementsInCurrentOnly>
<bounds x="53" y="34" width="544" height="176"/>
</OView>
</objectViews>
</Diagram>