<?xml version = '1.0' encoding = 'UTF-8'?>
<Table class="oracle.dbtools.crest.model.design.relational.Table" directorySegmentName="seg_0" id="356C7D82-78B0-1268-508D-00171C584ADD" name="ONETB007_PAGAMENTO">
<createdBy>ithallo</createdBy>
<createdTime>2025-06-07 20:15:26 UTC</createdTime>
<commentInRDBMS><![CDATA[Armazena dados sobre os pagamentos.]]></commentInRDBMS>
<ownerDesignName>DMD_ModeloLogico-Aula03</ownerDesignName>
<ordsAlias>table_9</ordsAlias>
<allowColumnReorder>false</allowColumnReorder>
<existDependencyGenerateInDDl>true</existDependencyGenerateInDDl>
<parsed>true</parsed>
<columns itemClass="oracle.dbtools.crest.model.design.relational.Column">
<Column name="ID_PAGAMENTO" id="C629EC72-F97A-739A-B885-E035EE8DE038">
<createdBy>ithallo</createdBy>
<createdTime>2025-06-07 20:16:25 UTC</createdTime>
<commentInRDBMS><![CDATA[Identificador único serial do Pagamento.]]></commentInRDBMS>
<ownerDesignName>DMD_ModeloLogico-Aula03</ownerDesignName>
<useDomainConstraints>false</useDomainConstraints>
<use>1</use>
<logicalDatatype>LOGDT019</logicalDatatype>
<defaultValue>SQ01_ONETB007.nextval</defaultValue>
<ownDataTypeParameters>,,</ownDataTypeParameters>
<autoIncrementColumn>true</autoIncrementColumn>
<autoIncrementCycle>false</autoIncrementCycle>
<autoIncrementSequenceName>SQ01_ONETB007</autoIncrementSequenceName>
<autoIncrementGenerateTrigger>false</autoIncrementGenerateTrigger>
</Column>
<Column name="ID_EMPRESTIMO" id="F709ED65-B597-364C-3AEC-35D2D393883D">
<createdBy>ithallo</createdBy>
<createdTime>2025-06-07 21:22:06 UTC</createdTime>
<commentInRDBMS><![CDATA[Identificador único opcional do empréstimo.]]></commentInRDBMS>
<ownerDesignName>DMD_ModeloLogico-Aula03</ownerDesignName>
<nullsAllowed>true</nullsAllowed>
<useDomainConstraints>false</useDomainConstraints>
<use>1</use>
<logicalDatatype>LOGDT019</logicalDatatype>
<dataTypePrecision>10</dataTypePrecision>
<ownDataTypeParameters>,,</ownDataTypeParameters>
<previousColumn>false</previousColumn>
<autoIncrementCycle>false</autoIncrementCycle>
<associations>
<colAssociation fkAssociation="FCFA1181-0E66-EB1B-F160-D2029582A8CE" referredColumn="07B75AC4-EAA1-CB76-5BFE-D1CCDEB437EF"/>
</associations>
</Column>
<Column name="VL_PAGAMENTO" id="A578025F-9D6E-CF35-260B-EA69EA8E9F67">
<createdBy>ithallo</createdBy>
<createdTime>2025-06-07 20:16:25 UTC</createdTime>
<commentInRDBMS><![CDATA[Valor efetuado do pagamento.]]></commentInRDBMS>
<ownerDesignName>DMD_ModeloLogico-Aula03</ownerDesignName>
<useDomainConstraints>false</useDomainConstraints>
<use>1</use>
<logicalDatatype>LOGDT019</logicalDatatype>
<dataTypePrecision>20</dataTypePrecision>
<dataTypeScale>4</dataTypeScale>
<ownDataTypeParameters>,20,4</ownDataTypeParameters>
<autoIncrementCycle>false</autoIncrementCycle>
</Column>
<Column name="DT_PAGAMENTO" id="23603770-EE7D-788B-F209-D1CD4BAFC60D">
<createdBy>ithallo</createdBy>
<createdTime>2025-06-07 20:16:25 UTC</createdTime>
<commentInRDBMS><![CDATA[Data do pagamento.]]></commentInRDBMS>
<ownerDesignName>DMD_ModeloLogico-Aula03</ownerDesignName>
<useDomainConstraints>false</useDomainConstraints>
<use>1</use>
<logicalDatatype>LOGDT007</logicalDatatype>
<ownDataTypeParameters>,,</ownDataTypeParameters>
<autoIncrementCycle>false</autoIncrementCycle>
</Column>
<Column name="IC_STATUS_PAGAMENTO" id="5A54E8D4-A99C-C1B5-3FAE-A2D3022A4D97">
<createdBy>ithallo</createdBy>
<createdTime>2025-06-07 20:16:25 UTC</createdTime>
<commentInRDBMS><![CDATA[Indicador do status do pagamento. (A - Atrasado; P - Pago)]]></commentInRDBMS>
<ownerDesignName>DMD_ModeloLogico-Aula03</ownerDesignName>
<constraintName>CC01_ONETB007</constraintName>
<useDomainConstraints>false</useDomainConstraints>
<use>1</use>
<logicalDatatype>LOGDT025</logicalDatatype>
<dataTypeSize>1 CHAR</dataTypeSize>
<listOfValues>
<valueDef value="A" description="Atrasado"/>
<valueDef value="P" description="Pago"/>
</listOfValues>
<ownDataTypeParameters>1 CHAR,,</ownDataTypeParameters>
<defaultOntNull>true</defaultOntNull>
<autoIncrementCycle>false</autoIncrementCycle>
</Column>
</columns>
<indexes itemClass="oracle.dbtools.crest.model.design.relational.Index">
<ind_PK_UK id="0E2D8D57-398C-34BB-A24B-DDB95A32550B" name="PK_ONETB007">
<createdBy>ithallo</createdBy>
<createdTime>2025-06-07 20:16:25 UTC</createdTime>
<ownerDesignName>DMD_ModeloLogico-Aula03</ownerDesignName>
<pk>true</pk>
<indexState>Primary Constraint</indexState>
<isSurrogateKey>false</isSurrogateKey>
<indexColumnUsage>
<colUsage columnID="C629EC72-F97A-739A-B885-E035EE8DE038"/>
</indexColumnUsage>
</ind_PK_UK>
<ind_PK_UK id="F878F417-C80D-66BB-6D41-2AA42E08EA6A" name="FK01_ONETB007_ONETB006">
<createdBy>ithallo</createdBy>
<createdTime>2025-06-07 21:22:06 UTC</createdTime>
<ownerDesignName>DMD_ModeloLogico-Aula03</ownerDesignName>
<indexState>Foreign Key</indexState>
<isSurrogateKey>false</isSurrogateKey>
<indexColumnUsage>
<colUsage columnID="F709ED65-B597-364C-3AEC-35D2D393883D"/>
</indexColumnUsage>
</ind_PK_UK>
</indexes>
</Table>