<?xml version = '1.0' encoding = 'UTF-8'?>
<Diagram class="oracle.dbtools.crest.swingui.relational.DPVRelational" name="ONE_ModelagemDados" id="027E39CC-4403-2184-87FE-6C35972F4BB5">
<createdBy>ithallo</createdBy>
<modifiedBy>ithallo</modifiedBy>
<createdTime>2025-06-07 18:57:09 UTC</createdTime>
<autoRoute>false</autoRoute>
<boxInbox>true</boxInbox>
<showLegend>false</showLegend>
<showLabels>false</showLabels>
<showRelAttributes>false</showRelAttributes>
<gridEnabled>false</gridEnabled>
<showGrid>false</showGrid>
<diagramColor>-1</diagramColor>
<display>false</display>
<notation>1</notation>
<showComments>true</showComments>
<objectViews>
<OView class="oracle.dbtools.crest.swingui.relational.TVTable" oid="1D56E7C8-0065-70E1-E157-D4B9F278C642" otype="Table" vid="D1B32E37-282A-396C-6874-5759CB038E0D">
<hideElementsInCurrentOnly>false</hideElementsInCurrentOnly>
<bounds x="737" y="440" width="515" height="182"/>
</OView>
<OView class="oracle.dbtools.crest.swingui.relational.TVTable" oid="356C7D82-78B0-1268-508D-00171C584ADD" otype="Table" vid="BC0BBD64-D78C-50D3-7291-546459B9BDB7">
<hideElementsInCurrentOnly>false</hideElementsInCurrentOnly>
<bounds x="747" y="666" width="550" height="120"/>
</OView>
<OView class="oracle.dbtools.crest.swingui.relational.TVTable" oid="706F1044-945F-C309-1EAD-F627F162C7DF" otype="Table" vid="FD7BECB3-BC2F-DD13-B35D-501B9ABA2ED3">
<hideElementsInCurrentOnly>false</hideElementsInCurrentOnly>
<bounds x="56" y="248" width="485" height="162"/>
</OView>
<OView class="oracle.dbtools.crest.swingui.relational.TVTable" oid="85F2BFFD-BD13-D905-05A3-DA8A1CF4BD72" otype="Table" vid="D84019EA-37D6-771A-3845-A2E21E67FE01">
<hideElementsInCurrentOnly>false</hideElementsInCurrentOnly>
<bounds x="171" y="468" width="322" height="74"/>
</OView>
<OView class="oracle.dbtools.crest.swingui.relational.TVTable" oid="A8F4583C-943D-FDCD-D8E7-E208E872B416" otype="Table" vid="206F4486-CC62-6564-088E-A1C011F7EB24">
<hideElementsInCurrentOnly>false</hideElementsInCurrentOnly>
<bounds x="53" y="34" width="544" height="176"/>
</OView>
<OView class="oracle.dbtools.crest.swingui.relational.TVTable" oid="D88EAE90-98A3-1C3D-3B3C-E7B8298CFD6E" otype="Table" vid="753C4CF2-482A-26AD-B5F8-A9D421D5FBDF">
<hideElementsInCurrentOnly>false</hideElementsInCurrentOnly>
<bounds x="651" y="24" width="611" height="140"/>
</OView>
<OView class="oracle.dbtools.crest.swingui.relational.TVTable" oid="E4DABE97-B563-0E0E-B6BC-99CC50082638" otype="Table" vid="54C8B695-8047-4536-8130-AA248C5668F0">
<hideElementsInCurrentOnly>false</hideElementsInCurrentOnly>
<bounds x="736" y="247" width="450" height="168"/>
</OView>
<OView class="oracle.dbtools.crest.swingui.relational.TVTable" oid="FD4132BC-B1A6-3490-92C1-F4892B342ACD" otype="Table" vid="935DEC35-74EF-37A2-AF55-BE71B139253A">
<hideElementsInCurrentOnly>false</hideElementsInCurrentOnly>
<bounds x="42" y="628" width="557" height="134"/>
</OView>
</objectViews>
</Diagram>