<?xml version = '1.0' encoding = 'UTF-8'?>
<FKIndexAssociation class="oracle.dbtools.crest.model.design.relational.FKIndexAssociation" directorySegmentName="seg_0" id="0B77B22F-FE78-3504-0E4D-FA766159F374" containerWithKeyObject="85F2BFFD-BD13-D905-05A3-DA8A1CF4BD72" localFKIndex="4AEE4461-980F-3744-18E9-66F0AC1563E4" name="FK02_ONETB008_ONETB005">
<createdBy>ithallo</createdBy>
<createdTime>2025-06-07 20:20:02 UTC</createdTime>
<ownerDesignName>DMD_ModeloLogico-Aula03</ownerDesignName>
<referredTableLongName>ONETB005_CONTA</referredTableLongName>
<deleteRule>NO ACTION</deleteRule>
<referredTableID>FD4132BC-B1A6-3490-92C1-F4892B342ACD</referredTableID>
<keyObject>3BB7D77A-E37C-AAD6-84A6-6B27FABEDEA4</keyObject>
<referredKeyID>3BB7D77A-E37C-AAD6-84A6-6B27FABEDEA4</referredKeyID>
<mandatory>true</mandatory>
<refColNames>ID_CONTA</refColNames>
<transferable>true</transferable>
<rely>false</rely>
<columnDependencyConstraintGenerateInDDL>true</columnDependencyConstraintGenerateInDDL>
</FKIndexAssociation>