<?xml version = '1.0' encoding = 'UTF-8'?>
<FKIndexAssociation class="oracle.dbtools.crest.model.design.relational.FKIndexAssociation" directorySegmentName="seg_0" id="3527D393-190D-8278-4E99-4D5AB41CC2AD" containerWithKeyObject="A8F4583C-943D-FDCD-D8E7-E208E872B416" localFKIndex="2DDD649F-F551-2BA9-72E3-A4C64BCE7B89" name="FK01_ONETB001_ONETB003">
<createdBy>ithallo</createdBy>
<createdTime>2025-06-07 21:38:14 UTC</createdTime>
<ownerDesignName>DMD_ModeloLogico-Aula03</ownerDesignName>
<referredTableLongName>ONETB003_DEPARTAMENTO</referredTableLongName>
<deleteRule>NO ACTION</deleteRule>
<referredTableID>D88EAE90-98A3-1C3D-3B3C-E7B8298CFD6E</referredTableID>
<keyObject>5E706CAC-7324-3989-01B0-6BE48A501F7B</keyObject>
<referredKeyID>5E706CAC-7324-3989-01B0-6BE48A501F7B</referredKeyID>
<mandatory>false</mandatory>
<refColNames>ID_DEPARTAMENTO</refColNames>
<transferable>true</transferable>
<rely>false</rely>
<columnDependencyConstraintGenerateInDDL>true</columnDependencyConstraintGenerateInDDL>
</FKIndexAssociation>