<?xml version = '1.0' encoding = 'UTF-8'?>
<FKIndexAssociation class="oracle.dbtools.crest.model.design.relational.FKIndexAssociation" directorySegmentName="seg_0" id="44CBA991-E97C-D336-D7CB-2B3B2CA08A9D" containerWithKeyObject="85F2BFFD-BD13-D905-05A3-DA8A1CF4BD72" localFKIndex="5ADFCB40-1262-888E-A094-530F18B095D7" name="FK01_ONETB008_ONETB002">
<createdBy>ithallo</createdBy>
<createdTime>2025-06-07 20:19:55 UTC</createdTime>
<ownerDesignName>DMD_ModeloLogico-Aula03</ownerDesignName>
<referredTableLongName>ONETB002_CLIENTE</referredTableLongName>
<deleteRule>NO ACTION</deleteRule>
<referredTableID>706F1044-945F-C309-1EAD-F627F162C7DF</referredTableID>
<keyObject>0E122A48-93A6-7081-CD6B-D2B1D256EB6B</keyObject>
<referredKeyID>0E122A48-93A6-7081-CD6B-D2B1D256EB6B</referredKeyID>
<mandatory>true</mandatory>
<refColNames>ID_CLIENTE</refColNames>
<transferable>true</transferable>
<rely>false</rely>
<columnDependencyConstraintGenerateInDDL>true</columnDependencyConstraintGenerateInDDL>
</FKIndexAssociation>