<?xml version = '1.0' encoding = 'UTF-8'?>
<FKIndexAssociation class="oracle.dbtools.crest.model.design.relational.FKIndexAssociation" directorySegmentName="seg_0" id="47C6905C-5739-E9C7-506F-B149E0DBBCE0" containerWithKeyObject="1D56E7C8-0065-70E1-E157-D4B9F278C642" localFKIndex="7A45C5CA-263F-8380-53AA-AC6036CBECB0" name="FK01_ONETB006_ONETB002">
<createdBy>ithallo</createdBy>
<createdTime>2025-06-07 21:20:00 UTC</createdTime>
<ownerDesignName>DMD_ModeloLogico-Aula03</ownerDesignName>
<referredTableLongName>ONETB002_CLIENTE</referredTableLongName>
<deleteRule>NO ACTION</deleteRule>
<referredTableID>706F1044-945F-C309-1EAD-F627F162C7DF</referredTableID>
<keyObject>0E122A48-93A6-7081-CD6B-D2B1D256EB6B</keyObject>
<referredKeyID>0E122A48-93A6-7081-CD6B-D2B1D256EB6B</referredKeyID>
<mandatory>false</mandatory>
<refColNames>ID_CLIENTE</refColNames>
<transferable>true</transferable>
<rely>false</rely>
<columnDependencyConstraintGenerateInDDL>true</columnDependencyConstraintGenerateInDDL>
</FKIndexAssociation>