<?xml version = '1.0' encoding = 'UTF-8'?>
<FKIndexAssociation class="oracle.dbtools.crest.model.design.relational.FKIndexAssociation" directorySegmentName="seg_0" id="514EB831-C74F-D924-A50F-53075597A6E4" containerWithKeyObject="E4DABE97-B563-0E0E-B6BC-99CC50082638" localFKIndex="46277099-CC16-47BB-3255-5A2DDED5B02B" name="FK01_ONETB004_ONETB002">
<createdBy>ithallo</createdBy>
<createdTime>2025-06-07 20:01:35 UTC</createdTime>
<ownerDesignName>DMD_ModeloLogico-Aula03</ownerDesignName>
<referredTableLongName>ONETB002_CLIENTE</referredTableLongName>
<deleteRule>NO ACTION</deleteRule>
<referredTableID>706F1044-945F-C309-1EAD-F627F162C7DF</referredTableID>
<keyObject>0E122A48-93A6-7081-CD6B-D2B1D256EB6B</keyObject>
<referredKeyID>0E122A48-93A6-7081-CD6B-D2B1D256EB6B</referredKeyID>
<mandatory>true</mandatory>
<refColNames>ID_CLIENTE</refColNames>
<transferable>true</transferable>
<rely>false</rely>
<columnDependencyConstraintGenerateInDDL>true</columnDependencyConstraintGenerateInDDL>
</FKIndexAssociation>