<?xml version = '1.0' encoding = 'UTF-8'?>
<FKIndexAssociation class="oracle.dbtools.crest.model.design.relational.FKIndexAssociation" directorySegmentName="seg_0" id="AD5D22DC-E0D0-8493-99AA-9D383D5E182D" containerWithKeyObject="D88EAE90-98A3-1C3D-3B3C-E7B8298CFD6E" localFKIndex="4C852376-3261-1CEC-7AFE-79A14953DAB1" name="FK01_ONETB003_ONETB001">
<createdBy>ithallo</createdBy>
<createdTime>2025-06-07 19:55:22 UTC</createdTime>
<ownerDesignName>DMD_ModeloLogico-Aula03</ownerDesignName>
<referredTableLongName>ONETB001_COLABORADOR</referredTableLongName>
<deleteRule>NO ACTION</deleteRule>
<referredTableID>A8F4583C-943D-FDCD-D8E7-E208E872B416</referredTableID>
<keyObject>338AE21C-8B8C-1D55-3995-313ADCB0B281</keyObject>
<referredKeyID>338AE21C-8B8C-1D55-3995-313ADCB0B281</referredKeyID>
<mandatory>true</mandatory>
<refColNames>ID_COLABORADOR</refColNames>
<transferable>true</transferable>
<rely>false</rely>
<columnDependencyConstraintGenerateInDDL>true</columnDependencyConstraintGenerateInDDL>
</FKIndexAssociation>