<?xml version = '1.0' encoding = 'UTF-8'?>
<FKIndexAssociation class="oracle.dbtools.crest.model.design.relational.FKIndexAssociation" directorySegmentName="seg_0" id="FC4AD278-9DAA-2665-AB5E-E7042DD6B37A" containerWithKeyObject="706F1044-945F-C309-1EAD-F627F162C7DF" localFKIndex="33F5495C-3DA3-3747-291B-4E3C5F3A938F" name="FK01_ONETB002_ONETB001">
<createdBy>ithallo</createdBy>
<createdTime>2025-06-07 21:28:46 UTC</createdTime>
<ownerDesignName>DMD_ModeloLogico-Aula03</ownerDesignName>
<referredTableLongName>ONETB001_COLABORADOR</referredTableLongName>
<deleteRule>NO ACTION</deleteRule>
<referredTableID>A8F4583C-943D-FDCD-D8E7-E208E872B416</referredTableID>
<keyObject>338AE21C-8B8C-1D55-3995-313ADCB0B281</keyObject>
<referredKeyID>338AE21C-8B8C-1D55-3995-313ADCB0B281</referredKeyID>
<mandatory>false</mandatory>
<refColNames>ID_COLABORADOR</refColNames>
<transferable>true</transferable>
<rely>false</rely>
<columnDependencyConstraintGenerateInDDL>true</columnDependencyConstraintGenerateInDDL>
</FKIndexAssociation>