<?xml version = '1.0' encoding = 'UTF-8'?>
<FKIndexAssociation class="oracle.dbtools.crest.model.design.relational.FKIndexAssociation" directorySegmentName="seg_0" id="FCFA1181-0E66-EB1B-F160-D2029582A8CE" containerWithKeyObject="356C7D82-78B0-1268-508D-00171C584ADD" localFKIndex="F878F417-C80D-66BB-6D41-2AA42E08EA6A" name="FK01_ONETB007_ONETB006">
<createdBy>ithallo</createdBy>
<createdTime>2025-06-07 21:22:06 UTC</createdTime>
<ownerDesignName>DMD_ModeloLogico-Aula03</ownerDesignName>
<referredTableLongName>ONETB006_EMPRESTIMO</referredTableLongName>
<deleteRule>NO ACTION</deleteRule>
<referredTableID>1D56E7C8-0065-70E1-E157-D4B9F278C642</referredTableID>
<keyObject>E200E49D-F13A-049F-32C0-C05872062EE5</keyObject>
<referredKeyID>E200E49D-F13A-049F-32C0-C05872062EE5</referredKeyID>
<mandatory>false</mandatory>
<refColNames>ID_EMPRESTIMO</refColNames>
<transferable>true</transferable>
<rely>false</rely>
<columnDependencyConstraintGenerateInDDL>true</columnDependencyConstraintGenerateInDDL>
</FKIndexAssociation>