<?xml version = '1.0' encoding = 'UTF-8'?>
<relationalModel class="oracle.dbtools.crest.model.design.relational.RelationalDesign" name="Relational_1" id="8461D00D-C5B3-1CC6-3B71-4A5006D78E1A" mainViewID="337CAD37-1ECA-7C93-3056-3B40421B12E4">
<createdBy>ithallo</createdBy>
<createdTime>2025-06-08 03:10:25 UTC</createdTime>
<ownerDesignName>DMD_ModeloLogico-ODM</ownerDesignName>
<shouldBeOpen>false</shouldBeOpen>
<selectedRDBMSSite>01F6E6D1-21D0-CFBD-ABDD-3988D1813575</selectedRDBMSSite>
</relationalModel>