<?xml version = '1.0' encoding = 'UTF-8'?>
<relationalModel class="oracle.dbtools.crest.model.design.relational.RelationalDesign" name="ONE_ModelagemDados" id="B463E9B1-7112-AFDD-AB5A-80121F6D2090" mainViewID="D59377EE-4552-8A9D-EEAA-0FC86BCD7860">
<createdBy>ithallo</createdBy>
<createdTime>2025-06-08 03:12:07 UTC</createdTime>
<ownerDesignName>DMD_ModeloLogico-ODM</ownerDesignName>
<shouldBeOpen>false</shouldBeOpen>
<selectedRDBMSSite>01F6E6D1-21D0-CFBD-ABDD-3988D1813575</selectedRDBMSSite>
</relationalModel>