<?xml version = '1.0' encoding = 'UTF-8'?>
<FKIndexAssociation class="oracle.dbtools.crest.model.design.relational.FKIndexAssociation" directorySegmentName="seg_0" id="0A0668F5-9EBE-EF2E-D8BA-0BC62B989E5C" containerWithKeyObject="54A3DC67-453B-3F63-7DF0-F0703749B3CE" localFKIndex="50C64B73-CF88-03DC-E10C-E7EA75F28BEE" name="FK01_ONETB009_ONETB002">
<createdBy>ithallo</createdBy>
<createdTime>2025-06-08 03:12:09 UTC</createdTime>
<ownerDesignName>DMD_ModeloLogico-ODM</ownerDesignName>
<importedID>E4522C0E-F351-1BDE-4304-6E8B1F2F6E9B</importedID>
<referredTableLongName>ONETB002_CLIENTE</referredTableLongName>
<deleteRule>NO ACTION</deleteRule>
<referredTableID>12255EA4-29C4-8224-05DA-CDDAF071C37A</referredTableID>
<keyObject>269E96FD-B811-123F-993E-25FC86DF1394</keyObject>
<referredKeyID>269E96FD-B811-123F-993E-25FC86DF1394</referredKeyID>
<mandatory>true</mandatory>
<refColNames>ID_CLIENTE</refColNames>
<transferable>true</transferable>
<rely>false</rely>
<columnDependencyConstraintGenerateInDDL>true</columnDependencyConstraintGenerateInDDL>
</FKIndexAssociation>