<?xml version = '1.0' encoding = 'UTF-8'?>
<FKIndexAssociation class="oracle.dbtools.crest.model.design.relational.FKIndexAssociation" directorySegmentName="seg_0" id="3FD07824-9B59-A551-0329-DFD721112AA0" containerWithKeyObject="1C9675C0-6F16-DCE3-1CD8-6D725612E2AF" localFKIndex="E80BA910-1315-30EC-4EAD-3701634FE7A7" name="FK01_ONETB006_ONETB002">
<createdBy>ithallo</createdBy>
<createdTime>2025-06-08 03:12:09 UTC</createdTime>
<ownerDesignName>DMD_ModeloLogico-ODM</ownerDesignName>
<importedID>47C6905C-5739-E9C7-506F-B149E0DBBCE0</importedID>
<referredTableLongName>ONETB002_CLIENTE</referredTableLongName>
<deleteRule>NO ACTION</deleteRule>
<referredTableID>12255EA4-29C4-8224-05DA-CDDAF071C37A</referredTableID>
<keyObject>269E96FD-B811-123F-993E-25FC86DF1394</keyObject>
<referredKeyID>269E96FD-B811-123F-993E-25FC86DF1394</referredKeyID>
<mandatory>false</mandatory>
<refColNames>ID_CLIENTE</refColNames>
<transferable>true</transferable>
<rely>false</rely>
<columnDependencyConstraintGenerateInDDL>true</columnDependencyConstraintGenerateInDDL>
</FKIndexAssociation>