<?xml version = '1.0' encoding = 'UTF-8'?>
<FKIndexAssociation class="oracle.dbtools.crest.model.design.relational.FKIndexAssociation" directorySegmentName="seg_0" id="4F782C23-2D86-9244-D5AD-C5C5ADDF78F7" containerWithKeyObject="28D6E717-4A87-0A8F-A179-1439A1A43AA2" localFKIndex="5C35A78F-B388-8E45-BF3D-06D2F459D88F" name="FK01_ONETB003_ONETB001">
<createdBy>ithallo</createdBy>
<createdTime>2025-06-08 03:12:09 UTC</createdTime>
<ownerDesignName>DMD_ModeloLogico-ODM</ownerDesignName>
<importedID>AD5D22DC-E0D0-8493-99AA-9D383D5E182D</importedID>
<referredTableLongName>ONETB001_COLABORADOR</referredTableLongName>
<deleteRule>NO ACTION</deleteRule>
<referredTableID>8EBDC7F6-74B3-9817-177E-3B91F177FB3B</referredTableID>
<keyObject>A2D28E2E-B852-BA44-94A7-8FA58910116B</keyObject>
<referredKeyID>A2D28E2E-B852-BA44-94A7-8FA58910116B</referredKeyID>
<mandatory>true</mandatory>
<refColNames>ID_COLABORADOR</refColNames>
<transferable>true</transferable>
<rely>false</rely>
<columnDependencyConstraintGenerateInDDL>true</columnDependencyConstraintGenerateInDDL>
</FKIndexAssociation>