<?xml version = '1.0' encoding = 'UTF-8'?>
<FKIndexAssociation class="oracle.dbtools.crest.model.design.relational.FKIndexAssociation" directorySegmentName="seg_0" id="50310F5D-FCD1-EC95-BEEB-E4EA23D6F9B4" containerWithKeyObject="12255EA4-29C4-8224-05DA-CDDAF071C37A" localFKIndex="6B36BD89-7B83-C3AD-4E8D-61E853ECF206" name="FK01_ONETB002_ONETB001">
<createdBy>ithallo</createdBy>
<createdTime>2025-06-08 03:12:09 UTC</createdTime>
<ownerDesignName>DMD_ModeloLogico-ODM</ownerDesignName>
<importedID>FC4AD278-9DAA-2665-AB5E-E7042DD6B37A</importedID>
<referredTableLongName>ONETB001_COLABORADOR</referredTableLongName>
<deleteRule>NO ACTION</deleteRule>
<referredTableID>8EBDC7F6-74B3-9817-177E-3B91F177FB3B</referredTableID>
<keyObject>A2D28E2E-B852-BA44-94A7-8FA58910116B</keyObject>
<referredKeyID>A2D28E2E-B852-BA44-94A7-8FA58910116B</referredKeyID>
<mandatory>false</mandatory>
<refColNames>ID_COLABORADOR</refColNames>
<transferable>true</transferable>
<rely>false</rely>
<columnDependencyConstraintGenerateInDDL>true</columnDependencyConstraintGenerateInDDL>
</FKIndexAssociation>