<?xml version = '1.0' encoding = 'UTF-8'?>
<FKIndexAssociation class="oracle.dbtools.crest.model.design.relational.FKIndexAssociation" directorySegmentName="seg_0" id="627B1793-23C0-32B6-F4B1-1F10A6837CFB" containerWithKeyObject="8EBDC7F6-74B3-9817-177E-3B91F177FB3B" localFKIndex="8159F12C-5F1E-350D-8BFD-2F27801666F1" name="FK01_ONETB001_ONETB003">
<createdBy>ithallo</createdBy>
<createdTime>2025-06-08 03:12:09 UTC</createdTime>
<ownerDesignName>DMD_ModeloLogico-ODM</ownerDesignName>
<importedID>3527D393-190D-8278-4E99-4D5AB41CC2AD</importedID>
<referredTableLongName>ONETB003_DEPARTAMENTO</referredTableLongName>
<deleteRule>NO ACTION</deleteRule>
<referredTableID>28D6E717-4A87-0A8F-A179-1439A1A43AA2</referredTableID>
<keyObject>D1A22E28-560F-FDCF-2B39-877E7D497D08</keyObject>
<referredKeyID>D1A22E28-560F-FDCF-2B39-877E7D497D08</referredKeyID>
<mandatory>false</mandatory>
<refColNames>ID_DEPARTAMENTO</refColNames>
<transferable>true</transferable>
<rely>false</rely>
<columnDependencyConstraintGenerateInDDL>true</columnDependencyConstraintGenerateInDDL>
</FKIndexAssociation>