<?xml version = '1.0' encoding = 'UTF-8'?>
<FKIndexAssociation class="oracle.dbtools.crest.model.design.relational.FKIndexAssociation" directorySegmentName="seg_0" id="7D6C2665-7EED-935D-077D-722BE43F5BFC" containerWithKeyObject="2075F8C6-6CBF-E82D-BE94-24F96CDD5B29" localFKIndex="FE2FF9BC-A2CE-7255-B02B-13D8AE0B1136" name="FK01_ONETB004_ONETB002">
<createdBy>ithallo</createdBy>
<createdTime>2025-06-08 03:12:09 UTC</createdTime>
<ownerDesignName>DMD_ModeloLogico-ODM</ownerDesignName>
<importedID>514EB831-C74F-D924-A50F-53075597A6E4</importedID>
<referredTableLongName>ONETB002_CLIENTE</referredTableLongName>
<deleteRule>NO ACTION</deleteRule>
<referredTableID>12255EA4-29C4-8224-05DA-CDDAF071C37A</referredTableID>
<keyObject>269E96FD-B811-123F-993E-25FC86DF1394</keyObject>
<referredKeyID>269E96FD-B811-123F-993E-25FC86DF1394</referredKeyID>
<mandatory>true</mandatory>
<refColNames>ID_CLIENTE</refColNames>
<transferable>true</transferable>
<rely>false</rely>
<columnDependencyConstraintGenerateInDDL>true</columnDependencyConstraintGenerateInDDL>
</FKIndexAssociation>