<?xml version = '1.0' encoding = 'UTF-8'?>
<FKIndexAssociation class="oracle.dbtools.crest.model.design.relational.FKIndexAssociation" directorySegmentName="seg_0" id="93838FAF-D77F-352B-55B6-158F2FDEAEE5" containerWithKeyObject="6B92459F-2CF9-50C0-F86F-3FAE32FD402B" localFKIndex="93C801E0-AF0A-D71E-3BDD-BCDA53398B1D" name="FK01_ONETB007_ONETB006">
<createdBy>ithallo</createdBy>
<createdTime>2025-06-08 03:12:09 UTC</createdTime>
<ownerDesignName>DMD_ModeloLogico-ODM</ownerDesignName>
<importedID>FCFA1181-0E66-EB1B-F160-D2029582A8CE</importedID>
<referredTableLongName>ONETB006_EMPRESTIMO</referredTableLongName>
<deleteRule>NO ACTION</deleteRule>
<referredTableID>1C9675C0-6F16-DCE3-1CD8-6D725612E2AF</referredTableID>
<keyObject>A4FE77FF-39AC-6F19-5B7A-1DAF8EE33F05</keyObject>
<referredKeyID>A4FE77FF-39AC-6F19-5B7A-1DAF8EE33F05</referredKeyID>
<mandatory>false</mandatory>
<refColNames>ID_EMPRESTIMO</refColNames>
<transferable>true</transferable>
<rely>false</rely>
<columnDependencyConstraintGenerateInDDL>true</columnDependencyConstraintGenerateInDDL>
</FKIndexAssociation>