<?xml version = '1.0' encoding = 'UTF-8'?>
<FKIndexAssociation class="oracle.dbtools.crest.model.design.relational.FKIndexAssociation" directorySegmentName="seg_0" id="B7708FB8-5A63-438B-B832-A4E09B6F12D4" containerWithKeyObject="7F4E4BDF-C589-EAC5-A7E4-17A63E7EF46D" localFKIndex="D0C727BF-F812-0A1B-41BA-141F79E79CE4" name="FK02_ONETB008_ONETB005">
<createdBy>ithallo</createdBy>
<createdTime>2025-06-08 03:12:09 UTC</createdTime>
<ownerDesignName>DMD_ModeloLogico-ODM</ownerDesignName>
<importedID>0B77B22F-FE78-3504-0E4D-FA766159F374</importedID>
<referredTableLongName>ONETB005_CONTA</referredTableLongName>
<deleteRule>NO ACTION</deleteRule>
<referredTableID>415F06F9-A1AD-583E-8527-FE61774FCA81</referredTableID>
<keyObject>B4909E3E-182B-70E5-1A28-CFD0000C2F94</keyObject>
<referredKeyID>B4909E3E-182B-70E5-1A28-CFD0000C2F94</referredKeyID>
<mandatory>true</mandatory>
<refColNames>ID_CONTA</refColNames>
<transferable>true</transferable>
<rely>false</rely>
<columnDependencyConstraintGenerateInDDL>true</columnDependencyConstraintGenerateInDDL>
</FKIndexAssociation>