<?xml version = '1.0' encoding = 'UTF-8'?>
<FKIndexAssociation class="oracle.dbtools.crest.model.design.relational.FKIndexAssociation" directorySegmentName="seg_0" id="FB530570-0906-0012-CAF7-58B50723FE2A" containerWithKeyObject="7F4E4BDF-C589-EAC5-A7E4-17A63E7EF46D" localFKIndex="038A9B63-38FB-04C3-11AB-BB6774FF653F" name="FK01_ONETB008_ONETB002">
<createdBy>ithallo</createdBy>
<createdTime>2025-06-08 03:12:09 UTC</createdTime>
<ownerDesignName>DMD_ModeloLogico-ODM</ownerDesignName>
<importedID>44CBA991-E97C-D336-D7CB-2B3B2CA08A9D</importedID>
<referredTableLongName>ONETB002_CLIENTE</referredTableLongName>
<deleteRule>NO ACTION</deleteRule>
<referredTableID>12255EA4-29C4-8224-05DA-CDDAF071C37A</referredTableID>
<keyObject>269E96FD-B811-123F-993E-25FC86DF1394</keyObject>
<referredKeyID>269E96FD-B811-123F-993E-25FC86DF1394</referredKeyID>
<mandatory>true</mandatory>
<refColNames>ID_CLIENTE</refColNames>
<transferable>true</transferable>
<rely>false</rely>
<columnDependencyConstraintGenerateInDDL>true</columnDependencyConstraintGenerateInDDL>
</FKIndexAssociation>