<?xml version = '1.0' encoding = 'UTF-8'?>
<Table class="oracle.dbtools.crest.model.design.relational.Table" directorySegmentName="seg_0" id="2075F8C6-6CBF-E82D-BE94-24F96CDD5B29" name="ONETB004_SCORE">
<createdBy>ithallo</createdBy>
<createdTime>2025-06-08 03:12:09 UTC</createdTime>
<commentInRDBMS><![CDATA[Armazena dados sobre as consultas ao score do cliente.]]></commentInRDBMS>
<ownerDesignName>DMD_ModeloLogico-ODM</ownerDesignName>
<importedID>E4DABE97-B563-0E0E-B6BC-99CC50082638</importedID>
<ordsAlias>table_6</ordsAlias>
<allowColumnReorder>false</allowColumnReorder>
<existDependencyGenerateInDDl>true</existDependencyGenerateInDDl>
<parsed>true</parsed>
<columns itemClass="oracle.dbtools.crest.model.design.relational.Column">
<Column name="ID_SCORE" id="D71DFA07-8068-4DDA-8852-7AA6AFD272C1">
<createdBy>ithallo</createdBy>
<createdTime>2025-06-08 03:12:09 UTC</createdTime>
<commentInRDBMS><![CDATA[Identificador único serial do Score.]]></commentInRDBMS>
<ownerDesignName>DMD_ModeloLogico-ODM</ownerDesignName>
<importedID>06B058BB-5BF8-946E-0188-C121A61853DD</importedID>
<useDomainConstraints>false</useDomainConstraints>
<use>1</use>
<logicalDatatype>LOGDT019</logicalDatatype>
<dataTypePrecision>10</dataTypePrecision>
<defaultValue>SQ01_ONETB004.nextval</defaultValue>
<ownDataTypeParameters>,10,</ownDataTypeParameters>
<autoIncrementColumn>true</autoIncrementColumn>
<autoIncrementCycle>false</autoIncrementCycle>
<autoIncrementSequenceName>SQ01_ONETB004</autoIncrementSequenceName>
<autoIncrementGenerateTrigger>false</autoIncrementGenerateTrigger>
</Column>
<Column name="ID_CLIENTE" id="748CBF6F-3B9D-B7C7-0F22-45F6F3880ACD">
<createdBy>ithallo</createdBy>
<createdTime>2025-06-08 03:12:09 UTC</createdTime>
<commentInRDBMS><![CDATA[Identificador único do cliente.]]></commentInRDBMS>
<ownerDesignName>DMD_ModeloLogico-ODM</ownerDesignName>
<importedID>6511F37C-1E82-E096-35C1-F7321DB84498</importedID>
<useDomainConstraints>false</useDomainConstraints>
<use>1</use>
<logicalDatatype>LOGDT019</logicalDatatype>
<dataTypePrecision>20</dataTypePrecision>
<ownDataTypeParameters>,20,</ownDataTypeParameters>
<autoIncrementCycle>false</autoIncrementCycle>
<associations>
<colAssociation fkAssociation="7D6C2665-7EED-935D-077D-722BE43F5BFC" referredColumn="7854EB2F-E710-400F-3D22-461EC3718792"/>
</associations>
</Column>
<Column name="QT_PONTOS" id="C05A102F-567F-4D25-72F6-2E760902DF72">
<createdBy>ithallo</createdBy>
<createdTime>2025-06-08 03:12:09 UTC</createdTime>
<commentInRDBMS><![CDATA[Pontuação referente ao Score.]]></commentInRDBMS>
<ownerDesignName>DMD_ModeloLogico-ODM</ownerDesignName>
<importedID>090E28D6-2747-DE25-5E26-AC2A9140D1C6</importedID>
<useDomainConstraints>false</useDomainConstraints>
<use>1</use>
<logicalDatatype>LOGDT019</logicalDatatype>
<dataTypePrecision>15</dataTypePrecision>
<ownDataTypeParameters>,15,</ownDataTypeParameters>
<autoIncrementCycle>false</autoIncrementCycle>
</Column>
<Column name="NO_FONTE" id="09F28DE8-D53A-F993-6569-463B339EDDC0">
<createdBy>ithallo</createdBy>
<createdTime>2025-06-08 03:12:09 UTC</createdTime>
<commentInRDBMS><![CDATA[Nome da fonte.]]></commentInRDBMS>
<ownerDesignName>DMD_ModeloLogico-ODM</ownerDesignName>
<importedID>894AA3FA-D84A-3DF3-7E7F-66B5D8B39F0D</importedID>
<useDomainConstraints>false</useDomainConstraints>
<use>1</use>
<logicalDatatype>LOGDT024</logicalDatatype>
<dataTypeSize>50 CHAR</dataTypeSize>
<ownDataTypeParameters>50 CHAR,,</ownDataTypeParameters>
<autoIncrementCycle>false</autoIncrementCycle>
</Column>
<Column name="TX_JUSTIFICATIVA" id="560C7577-0C5D-E59A-3225-51DBFABA0BC2">
<createdBy>ithallo</createdBy>
<createdTime>2025-06-08 03:12:09 UTC</createdTime>
<commentInRDBMS><![CDATA[Descrição textual da justificativa.]]></commentInRDBMS>
<ownerDesignName>DMD_ModeloLogico-ODM</ownerDesignName>
<importedID>A92E03AE-6C2C-94B3-0759-92257F97A059</importedID>
<nullsAllowed>true</nullsAllowed>
<useDomainConstraints>false</useDomainConstraints>
<use>1</use>
<logicalDatatype>LOGDT024</logicalDatatype>
<dataTypeSize>400 CHAR</dataTypeSize>
<ownDataTypeParameters>400 CHAR,,</ownDataTypeParameters>
<autoIncrementCycle>false</autoIncrementCycle>
</Column>
<Column name="DT_CONSULTA" id="52074C30-B2F5-38FC-2F5B-2AEED82D0567">
<createdBy>ithallo</createdBy>
<createdTime>2025-06-08 03:12:09 UTC</createdTime>
<commentInRDBMS><![CDATA[Data da consulta ao Score.]]></commentInRDBMS>
<ownerDesignName>DMD_ModeloLogico-ODM</ownerDesignName>
<importedID>01F1517B-A4AE-E17C-75F9-14825F8EB768</importedID>
<useDomainConstraints>false</useDomainConstraints>
<use>1</use>
<logicalDatatype>LOGDT007</logicalDatatype>
<ownDataTypeParameters>,,</ownDataTypeParameters>
<autoIncrementCycle>false</autoIncrementCycle>
</Column>
</columns>
<indexes itemClass="oracle.dbtools.crest.model.design.relational.Index">
<ind_PK_UK id="3BE79C4A-E7CA-8C22-80C4-D2D0B4865A56" name="PK_ONETB004">
<createdBy>ithallo</createdBy>
<createdTime>2025-06-08 03:12:09 UTC</createdTime>
<ownerDesignName>DMD_ModeloLogico-ODM</ownerDesignName>
<importedID>3101C98A-A913-4895-1D23-501088D583BC</importedID>
<pk>true</pk>
<indexState>Primary Constraint</indexState>
<isSurrogateKey>false</isSurrogateKey>
<indexColumnUsage>
<colUsage columnID="D71DFA07-8068-4DDA-8852-7AA6AFD272C1"/>
</indexColumnUsage>
</ind_PK_UK>
<ind_PK_UK id="FE2FF9BC-A2CE-7255-B02B-13D8AE0B1136" name="FK01_ONETB004_ONETB002">
<createdBy>ithallo</createdBy>
<createdTime>2025-06-08 03:12:09 UTC</createdTime>
<ownerDesignName>DMD_ModeloLogico-ODM</ownerDesignName>
<indexState>Foreign Key</indexState>
<isSurrogateKey>false</isSurrogateKey>
<indexColumnUsage>
<colUsage columnID="748CBF6F-3B9D-B7C7-0F22-45F6F3880ACD"/>
</indexColumnUsage>
</ind_PK_UK>
</indexes>
</Table>