<?xml version = '1.0' encoding = 'UTF-8'?>
<Table class="oracle.dbtools.crest.model.design.relational.Table" directorySegmentName="seg_0" id="54A3DC67-453B-3F63-7DF0-F0703749B3CE" name="ONETB009_TELEFONE_CLIENTE">
<createdBy>ithallo</createdBy>
<createdTime>2025-06-08 03:12:09 UTC</createdTime>
<commentInRDBMS><![CDATA[Armazena dados sobre os telefones do cliente, deve ser no máximo 2.]]></commentInRDBMS>
<ownerDesignName>DMD_ModeloLogico-ODM</ownerDesignName>
<importedID>91D5288C-CB4F-ED90-BB4C-287299067A18</importedID>
<ordsAlias>table_9</ordsAlias>
<allowColumnReorder>false</allowColumnReorder>
<existDependencyGenerateInDDl>true</existDependencyGenerateInDDl>
<parsed>true</parsed>
<columns itemClass="oracle.dbtools.crest.model.design.relational.Column">
<Column name="ID_TELEFONE" id="18899566-BB5A-8B14-B114-03060903A7B0">
<createdBy>ithallo</createdBy>
<createdTime>2025-06-08 03:12:09 UTC</createdTime>
<commentInRDBMS><![CDATA[Identificador único serial do Telefone do Cliente (max: 2)]]></commentInRDBMS>
<ownerDesignName>DMD_ModeloLogico-ODM</ownerDesignName>
<importedID>EC8AE06E-FD34-7A44-BC73-29FD734857BF</importedID>
<useDomainConstraints>false</useDomainConstraints>
<use>1</use>
<logicalDatatype>LOGDT019</logicalDatatype>
<dataTypePrecision>1</dataTypePrecision>
<ownDataTypeParameters>,1,</ownDataTypeParameters>
<autoIncrementCycle>false</autoIncrementCycle>
</Column>
<Column name="ID_CLIENTE" id="CC71AAB9-A2D3-DF55-BBDA-511790E3E6C7">
<createdBy>ithallo</createdBy>
<createdTime>2025-06-08 03:12:09 UTC</createdTime>
<commentInRDBMS><![CDATA[Identificador único do Cliente.]]></commentInRDBMS>
<ownerDesignName>DMD_ModeloLogico-ODM</ownerDesignName>
<importedID>5B3FF60B-6B26-2B06-AF25-E5F93800B69B</importedID>
<useDomainConstraints>false</useDomainConstraints>
<use>1</use>
<logicalDatatype>LOGDT019</logicalDatatype>
<dataTypePrecision>20</dataTypePrecision>
<ownDataTypeParameters>,20,</ownDataTypeParameters>
<autoIncrementCycle>false</autoIncrementCycle>
<associations>
<colAssociation fkAssociation="0A0668F5-9EBE-EF2E-D8BA-0BC62B989E5C" referredColumn="7854EB2F-E710-400F-3D22-461EC3718792"/>
</associations>
</Column>
<Column name="NR_TELEFONE" id="48F236FB-826F-0C39-EEFD-30ABE5BCAD2C">
<createdBy>ithallo</createdBy>
<createdTime>2025-06-08 03:12:09 UTC</createdTime>
<commentInRDBMS><![CDATA[Número de telefone do Cliente.]]></commentInRDBMS>
<ownerDesignName>DMD_ModeloLogico-ODM</ownerDesignName>
<importedID>F06FADA2-A3BB-BE49-EEFD-5AAC3F619C49</importedID>
<useDomainConstraints>false</useDomainConstraints>
<use>1</use>
<logicalDatatype>LOGDT024</logicalDatatype>
<dataTypeSize>20 CHAR</dataTypeSize>
<ownDataTypeParameters>20 CHAR,,</ownDataTypeParameters>
<autoIncrementCycle>false</autoIncrementCycle>
</Column>
</columns>
<indexes itemClass="oracle.dbtools.crest.model.design.relational.Index">
<ind_PK_UK id="9623E52D-6494-648F-355B-59D6E5FECBE1" name="PK_ONETB009">
<createdBy>ithallo</createdBy>
<createdTime>2025-06-08 03:12:09 UTC</createdTime>
<ownerDesignName>DMD_ModeloLogico-ODM</ownerDesignName>
<importedID>14B97658-0018-C42B-E170-E1CBC4877821</importedID>
<pk>true</pk>
<indexState>Primary Constraint</indexState>
<isSurrogateKey>false</isSurrogateKey>
<indexColumnUsage>
<colUsage columnID="18899566-BB5A-8B14-B114-03060903A7B0"/>
</indexColumnUsage>
</ind_PK_UK>
<ind_PK_UK id="50C64B73-CF88-03DC-E10C-E7EA75F28BEE" name="FK01_ONETB009_ONETB002">
<createdBy>ithallo</createdBy>
<createdTime>2025-06-08 03:12:09 UTC</createdTime>
<ownerDesignName>DMD_ModeloLogico-ODM</ownerDesignName>
<indexState>Foreign Key</indexState>
<isSurrogateKey>false</isSurrogateKey>
<indexColumnUsage>
<colUsage columnID="CC71AAB9-A2D3-DF55-BBDA-511790E3E6C7"/>
</indexColumnUsage>
</ind_PK_UK>
</indexes>
</Table>