<?xml version = '1.0' encoding = 'UTF-8'?>
<Table class="oracle.dbtools.crest.model.design.relational.Table" directorySegmentName="seg_0" id="7F4E4BDF-C589-EAC5-A7E4-17A63E7EF46D" name="ONETB008_CLIENTE_CONTA">
<createdBy>ithallo</createdBy>
<createdTime>2025-06-08 03:12:09 UTC</createdTime>
<commentInRDBMS><![CDATA[Tabela associativa para armazenar clientes e contas.]]></commentInRDBMS>
<ownerDesignName>DMD_ModeloLogico-ODM</ownerDesignName>
<importedID>85F2BFFD-BD13-D905-05A3-DA8A1CF4BD72</importedID>
<ordsAlias>table_10</ordsAlias>
<allowColumnReorder>false</allowColumnReorder>
<existDependencyGenerateInDDl>true</existDependencyGenerateInDDl>
<parsed>true</parsed>
<columns itemClass="oracle.dbtools.crest.model.design.relational.Column">
<Column name="ID_CLIENTE" id="EC2EC904-9F67-FA01-D580-5B8DDB00BCA3">
<createdBy>ithallo</createdBy>
<createdTime>2025-06-08 03:12:09 UTC</createdTime>
<commentInRDBMS><![CDATA[Identificador único do cliente.]]></commentInRDBMS>
<ownerDesignName>DMD_ModeloLogico-ODM</ownerDesignName>
<importedID>13D6C9E8-0909-5603-8B5F-BAA7C23B4BCC</importedID>
<useDomainConstraints>false</useDomainConstraints>
<use>1</use>
<logicalDatatype>LOGDT019</logicalDatatype>
<dataTypePrecision>20</dataTypePrecision>
<ownDataTypeParameters>,20,</ownDataTypeParameters>
<autoIncrementCycle>false</autoIncrementCycle>
<associations>
<colAssociation fkAssociation="FB530570-0906-0012-CAF7-58B50723FE2A" referredColumn="7854EB2F-E710-400F-3D22-461EC3718792"/>
</associations>
</Column>
<Column name="ID_CONTA" id="E4661656-62C1-DA60-2AC9-6A40376C06D8">
<createdBy>ithallo</createdBy>
<createdTime>2025-06-08 03:12:09 UTC</createdTime>
<commentInRDBMS><![CDATA[Identificador único da conta.]]></commentInRDBMS>
<ownerDesignName>DMD_ModeloLogico-ODM</ownerDesignName>
<importedID>C0DB4357-A658-94FD-B01E-9577E3AD4153</importedID>
<useDomainConstraints>false</useDomainConstraints>
<use>1</use>
<logicalDatatype>LOGDT019</logicalDatatype>
<dataTypePrecision>10</dataTypePrecision>
<ownDataTypeParameters>,10,</ownDataTypeParameters>
<autoIncrementCycle>false</autoIncrementCycle>
<associations>
<colAssociation fkAssociation="B7708FB8-5A63-438B-B832-A4E09B6F12D4" referredColumn="5AFDB8F0-C848-82AD-3AA9-B2CF6F0D2712"/>
</associations>
</Column>
</columns>
<indexes itemClass="oracle.dbtools.crest.model.design.relational.Index">
<ind_PK_UK id="1FBA4469-9B7E-74D7-27D1-BC2BB9F471F6" name="PK_ONETB008">
<createdBy>ithallo</createdBy>
<createdTime>2025-06-08 03:12:09 UTC</createdTime>
<ownerDesignName>DMD_ModeloLogico-ODM</ownerDesignName>
<importedID>D208190A-1542-5C83-21B6-59330D6215C3</importedID>
<pk>true</pk>
<indexState>Primary Constraint</indexState>
<isSurrogateKey>false</isSurrogateKey>
<indexColumnUsage>
<colUsage columnID="EC2EC904-9F67-FA01-D580-5B8DDB00BCA3"/>
<colUsage columnID="E4661656-62C1-DA60-2AC9-6A40376C06D8"/>
</indexColumnUsage>
</ind_PK_UK>
<ind_PK_UK id="D0C727BF-F812-0A1B-41BA-141F79E79CE4" name="FK02_ONETB008_ONETB005">
<createdBy>ithallo</createdBy>
<createdTime>2025-06-08 03:12:09 UTC</createdTime>
<ownerDesignName>DMD_ModeloLogico-ODM</ownerDesignName>
<indexState>Foreign Key</indexState>
<isSurrogateKey>false</isSurrogateKey>
<indexColumnUsage>
<colUsage columnID="E4661656-62C1-DA60-2AC9-6A40376C06D8"/>
</indexColumnUsage>
</ind_PK_UK>
<ind_PK_UK id="038A9B63-38FB-04C3-11AB-BB6774FF653F" name="FK01_ONETB008_ONETB002">
<createdBy>ithallo</createdBy>
<createdTime>2025-06-08 03:12:09 UTC</createdTime>
<ownerDesignName>DMD_ModeloLogico-ODM</ownerDesignName>
<indexState>Foreign Key</indexState>
<isSurrogateKey>false</isSurrogateKey>
<indexColumnUsage>
<colUsage columnID="EC2EC904-9F67-FA01-D580-5B8DDB00BCA3"/>
</indexColumnUsage>
</ind_PK_UK>
</indexes>
</Table>