<?xml version = '1.0' encoding = 'UTF-8'?>
<Table class="oracle.dbtools.crest.model.design.relational.Table" directorySegmentName="seg_0" id="8EBDC7F6-74B3-9817-177E-3B91F177FB3B" name="ONETB001_COLABORADOR">
<createdBy>ithallo</createdBy>
<createdTime>2025-06-08 03:12:09 UTC</createdTime>
<commentInRDBMS><![CDATA[Armazena dados sobre os colaboradores.]]></commentInRDBMS>
<ownerDesignName>DMD_ModeloLogico-ODM</ownerDesignName>
<importedID>A8F4583C-943D-FDCD-D8E7-E208E872B416</importedID>
<ordsAlias>table_1</ordsAlias>
<allowColumnReorder>false</allowColumnReorder>
<existDependencyGenerateInDDl>true</existDependencyGenerateInDDl>
<parsed>true</parsed>
<columns itemClass="oracle.dbtools.crest.model.design.relational.Column">
<Column name="ID_COLABORADOR" id="4CDAC6C6-D932-B3C3-433E-0A4F9D41D4F6">
<createdBy>ithallo</createdBy>
<createdTime>2025-06-08 03:12:09 UTC</createdTime>
<commentInRDBMS><![CDATA[Identificador único serial do Colaborador.]]></commentInRDBMS>
<ownerDesignName>DMD_ModeloLogico-ODM</ownerDesignName>
<importedID>9F07449B-C1DB-8FA1-304B-ACE2C46DE5A3</importedID>
<useDomainConstraints>false</useDomainConstraints>
<use>1</use>
<logicalDatatype>LOGDT019</logicalDatatype>
<dataTypePrecision>5</dataTypePrecision>
<defaultValue>SQ01_ONETB001.nextval</defaultValue>
<ownDataTypeParameters>,5,</ownDataTypeParameters>
<autoIncrementColumn>true</autoIncrementColumn>
<autoIncrementCycle>false</autoIncrementCycle>
<autoIncrementSequenceName>SQ01_ONETB001</autoIncrementSequenceName>
<autoIncrementGenerateTrigger>false</autoIncrementGenerateTrigger>
</Column>
<Column name="ID_DEPARTAMENTO" id="527DC4B0-4EEE-4C41-642F-40ACA545BC97">
<createdBy>ithallo</createdBy>
<createdTime>2025-06-08 03:12:09 UTC</createdTime>
<commentInRDBMS><![CDATA[Identificador único opcional do departamento do colaborador.]]></commentInRDBMS>
<ownerDesignName>DMD_ModeloLogico-ODM</ownerDesignName>
<importedID>EED4E637-6DF9-FF18-7D48-A0F9C41276E6</importedID>
<nullsAllowed>true</nullsAllowed>
<useDomainConstraints>false</useDomainConstraints>
<use>1</use>
<logicalDatatype>LOGDT019</logicalDatatype>
<dataTypePrecision>5</dataTypePrecision>
<ownDataTypeParameters>,5,</ownDataTypeParameters>
<autoIncrementCycle>false</autoIncrementCycle>
<associations>
<colAssociation fkAssociation="627B1793-23C0-32B6-F4B1-1F10A6837CFB" referredColumn="1A593FA1-F405-08AC-B1A2-A534B995C928"/>
</associations>
</Column>
<Column name="NR_CPF_COLABORADOR" id="3743BC85-DFDA-74E5-6FDA-C278E0C20D05">
<createdBy>ithallo</createdBy>
<createdTime>2025-06-08 03:12:09 UTC</createdTime>
<commentInRDBMS><![CDATA[Número do CPF do colaborador.]]></commentInRDBMS>
<ownerDesignName>DMD_ModeloLogico-ODM</ownerDesignName>
<importedID>76AAD613-46E0-4933-3498-93BE5DD8C12B</importedID>
<useDomainConstraints>false</useDomainConstraints>
<use>1</use>
<logicalDatatype>LOGDT025</logicalDatatype>
<dataTypeSize>11 CHAR</dataTypeSize>
<ownDataTypeParameters>11 CHAR,,</ownDataTypeParameters>
<autoIncrementCycle>false</autoIncrementCycle>
</Column>
<Column name="NO_COLABORADOR" id="C107653A-896D-F305-8BDD-20029C8D95E8">
<createdBy>ithallo</createdBy>
<createdTime>2025-06-08 03:12:09 UTC</createdTime>
<commentInRDBMS><![CDATA[Nome do Colaborador.]]></commentInRDBMS>
<ownerDesignName>DMD_ModeloLogico-ODM</ownerDesignName>
<importedID>34C3E205-4B6A-0353-EB4F-7F1C36D6021F</importedID>
<useDomainConstraints>false</useDomainConstraints>
<use>1</use>
<logicalDatatype>LOGDT024</logicalDatatype>
<dataTypeSize>200 CHAR</dataTypeSize>
<ownDataTypeParameters>200 CHAR,,</ownDataTypeParameters>
<autoIncrementCycle>false</autoIncrementCycle>
</Column>
<Column name="VL_SALARIO" id="99B9C96B-48C5-2CF6-A1CC-4D8D36D1A642">
<createdBy>ithallo</createdBy>
<createdTime>2025-06-08 03:12:09 UTC</createdTime>
<commentInRDBMS><![CDATA[Valor do salário do Colaborador.]]></commentInRDBMS>
<ownerDesignName>DMD_ModeloLogico-ODM</ownerDesignName>
<importedID>85EF4178-5EE8-ABCA-4323-7A41224077D5</importedID>
<useDomainConstraints>false</useDomainConstraints>
<use>1</use>
<logicalDatatype>LOGDT019</logicalDatatype>
<dataTypePrecision>10</dataTypePrecision>
<dataTypeScale>2</dataTypeScale>
<ownDataTypeParameters>,10,2</ownDataTypeParameters>
<autoIncrementCycle>false</autoIncrementCycle>
</Column>
<Column name="NO_CARGO" id="77547932-9485-B949-201F-C2BF9DACE0AA">
<createdBy>ithallo</createdBy>
<createdTime>2025-06-08 03:12:09 UTC</createdTime>
<commentInRDBMS><![CDATA[Cargo do Colaborador.]]></commentInRDBMS>
<ownerDesignName>DMD_ModeloLogico-ODM</ownerDesignName>
<importedID>6965AC3B-B1B3-3C54-34B4-4C4D943F0E44</importedID>
<useDomainConstraints>false</useDomainConstraints>
<use>1</use>
<logicalDatatype>LOGDT024</logicalDatatype>
<dataTypeSize>100 CHAR</dataTypeSize>
<ownDataTypeParameters>100 CHAR,,</ownDataTypeParameters>
<autoIncrementCycle>false</autoIncrementCycle>
</Column>
<Column name="NR_TELEFONE_COLABORADOR" id="570BCF3F-5453-FA06-12FC-F707DD508994">
<createdBy>ithallo</createdBy>
<createdTime>2025-06-08 03:12:09 UTC</createdTime>
<commentInRDBMS><![CDATA[Número de telefone do Colaborador]]></commentInRDBMS>
<ownerDesignName>DMD_ModeloLogico-ODM</ownerDesignName>
<importedID>D2354232-0FB3-B39A-3692-D6960AA2F96B</importedID>
<useDomainConstraints>false</useDomainConstraints>
<use>1</use>
<logicalDatatype>LOGDT019</logicalDatatype>
<dataTypePrecision>20</dataTypePrecision>
<ownDataTypeParameters>,20,</ownDataTypeParameters>
<autoIncrementCycle>false</autoIncrementCycle>
</Column>
<Column name="EE_COLABORADOR" id="DCAF4C22-645A-DC30-19EE-F26F922BE8BE">
<createdBy>ithallo</createdBy>
<createdTime>2025-06-08 03:12:09 UTC</createdTime>
<commentInRDBMS><![CDATA[Email eletrônico do Colaborador.]]></commentInRDBMS>
<ownerDesignName>DMD_ModeloLogico-ODM</ownerDesignName>
<importedID>C250450A-299A-888A-5552-9D4FDD6DD645</importedID>
<useDomainConstraints>false</useDomainConstraints>
<use>1</use>
<logicalDatatype>LOGDT024</logicalDatatype>
<dataTypeSize>50 CHAR</dataTypeSize>
<ownDataTypeParameters>50 CHAR,,</ownDataTypeParameters>
<autoIncrementCycle>false</autoIncrementCycle>
</Column>
</columns>
<indexes itemClass="oracle.dbtools.crest.model.design.relational.Index">
<ind_PK_UK id="A2D28E2E-B852-BA44-94A7-8FA58910116B" name="PK_ONETB001">
<createdBy>ithallo</createdBy>
<createdTime>2025-06-08 03:12:09 UTC</createdTime>
<ownerDesignName>DMD_ModeloLogico-ODM</ownerDesignName>
<importedID>338AE21C-8B8C-1D55-3995-313ADCB0B281</importedID>
<pk>true</pk>
<indexState>Primary Constraint</indexState>
<isSurrogateKey>false</isSurrogateKey>
<indexColumnUsage>
<colUsage columnID="4CDAC6C6-D932-B3C3-433E-0A4F9D41D4F6"/>
</indexColumnUsage>
</ind_PK_UK>
<ind_PK_UK id="8E8E1396-6864-B7F0-42AD-167F6F3A6BC0" name="UK01_ONETB001">
<createdBy>ithallo</createdBy>
<createdTime>2025-06-08 03:12:09 UTC</createdTime>
<ownerDesignName>DMD_ModeloLogico-ODM</ownerDesignName>
<importedID>1CFE2910-276F-80DC-CA4A-B79A5E106E29</importedID>
<indexState>Unique Constraint</indexState>
<isSurrogateKey>false</isSurrogateKey>
<indexColumnUsage>
<colUsage columnID="3743BC85-DFDA-74E5-6FDA-C278E0C20D05"/>
<colUsage columnID="C107653A-896D-F305-8BDD-20029C8D95E8"/>
</indexColumnUsage>
</ind_PK_UK>
<ind_PK_UK id="8159F12C-5F1E-350D-8BFD-2F27801666F1" name="FK01_ONETB001_ONETB003">
<createdBy>ithallo</createdBy>
<createdTime>2025-06-08 03:12:09 UTC</createdTime>
<ownerDesignName>DMD_ModeloLogico-ODM</ownerDesignName>
<indexState>Foreign Key</indexState>
<isSurrogateKey>false</isSurrogateKey>
<indexColumnUsage>
<colUsage columnID="527DC4B0-4EEE-4C41-642F-40ACA545BC97"/>
</indexColumnUsage>
</ind_PK_UK>
</indexes>
</Table>