<?xml version = '1.0' encoding = 'UTF-8'?>
<Diagram class="oracle.dbtools.crest.swingui.relational.DPVRelational" name="ONE_ModelagemDados" id="027E39CC-4403-2184-87FE-6C35972F4BB5">
<createdBy>ithallo</createdBy>
<modifiedBy>ithallo</modifiedBy>
<createdTime>2025-06-07 18:57:09 UTC</createdTime>
<autoRoute>false</autoRoute>
<boxInbox>true</boxInbox>
<showLegend>false</showLegend>
<showLabels>false</showLabels>
<showRelAttributes>false</showRelAttributes>
<gridEnabled>false</gridEnabled>
<showGrid>false</showGrid>
<diagramColor>-1</diagramColor>
<display>false</display>
<notation>1</notation>
<showComments>true</showComments>
<objectViews>
<OView class="oracle.dbtools.crest.swingui.relational.TVTable" oid="1D56E7C8-0065-70E1-E157-D4B9F278C642" otype="Table" vid="D1B32E37-282A-396C-6874-5759CB038E0D">
<hideElementsInCurrentOnly>false</hideElementsInCurrentOnly>
<bounds x="797" y="406" width="623" height="182"/>
</OView>
<OView class="oracle.dbtools.crest.swingui.relational.TVTable" oid="356C7D82-78B0-1268-508D-00171C584ADD" otype="Table" vid="BC0BBD64-D78C-50D3-7291-546459B9BDB7">
<hideElementsInCurrentOnly>false</hideElementsInCurrentOnly>
<bounds x="795" y="626" width="556" height="154"/>
</OView>
<OView class="oracle.dbtools.crest.swingui.relational.TVTable" oid="706F1044-945F-C309-1EAD-F627F162C7DF" otype="Table" vid="FD7BECB3-BC2F-DD13-B35D-501B9ABA2ED3">
<hideElementsInCurrentOnly>false</hideElementsInCurrentOnly>
<bounds x="108" y="276" width="526" height="196"/>
</OView>
<OView class="oracle.dbtools.crest.swingui.relational.TVTable" oid="85F2BFFD-BD13-D905-05A3-DA8A1CF4BD72" otype="Table" vid="D84019EA-37D6-771A-3845-A2E21E67FE01">
<hideElementsInCurrentOnly>false</hideElementsInCurrentOnly>
<bounds x="193" y="512" width="343" height="126"/>
</OView>
<OView class="oracle.dbtools.crest.swingui.relational.TVTable" oid="A8F4583C-943D-FDCD-D8E7-E208E872B416" otype="Table" vid="206F4486-CC62-6564-088E-A1C011F7EB24">
<hideElementsInCurrentOnly>false</hideElementsInCurrentOnly>
<bounds x="45" y="12" width="644" height="210"/>
</OView>
<OView class="oracle.dbtools.crest.swingui.relational.TVTable" oid="D88EAE90-98A3-1C3D-3B3C-E7B8298CFD6E" otype="Table" vid="753C4CF2-482A-26AD-B5F8-A9D421D5FBDF">
<hideElementsInCurrentOnly>false</hideElementsInCurrentOnly>
<bounds x="791" y="24" width="611" height="140"/>
</OView>
<OView class="oracle.dbtools.crest.swingui.relational.TVTable" oid="E4DABE97-B563-0E0E-B6BC-99CC50082638" otype="Table" vid="54C8B695-8047-4536-8130-AA248C5668F0">
<hideElementsInCurrentOnly>false</hideElementsInCurrentOnly>
<bounds x="796" y="215" width="450" height="168"/>
</OView>
<OView class="oracle.dbtools.crest.swingui.relational.TVTable" oid="FD4132BC-B1A6-3490-92C1-F4892B342ACD" otype="Table" vid="935DEC35-74EF-37A2-AF55-BE71B139253A">
<hideElementsInCurrentOnly>false</hideElementsInCurrentOnly>
<bounds x="68" y="674" width="557" height="148"/>
</OView>
</objectViews>
<connectors>
<Connector class="oracle.dbtools.crest.swingui.relational.TVFKRelation" oid="0B77B22F-FE78-3504-0E4D-FA766159F374" otype="FKIndexAssociation" vid_source="935DEC35-74EF-37A2-AF55-BE71B139253A" vid_target="D84019EA-37D6-771A-3845-A2E21E67FE01">
<hideElementsInCurrentOnly>false</hideElementsInCurrentOnly>
<backgroundColor>-16777216</backgroundColor>
<lineWidth>1</lineWidth>
<points>
<point x="364" y="674"/>
<point x="364" y="638"/>
</points>
</Connector>
<Connector class="oracle.dbtools.crest.swingui.relational.TVFKRelation" oid="3527D393-190D-8278-4E99-4D5AB41CC2AD" otype="FKIndexAssociation" vid_source="753C4CF2-482A-26AD-B5F8-A9D421D5FBDF" vid_target="206F4486-CC62-6564-088E-A1C011F7EB24">
<hideElementsInCurrentOnly>false</hideElementsInCurrentOnly>
<backgroundColor>-16777216</backgroundColor>
<lineWidth>1</lineWidth>
<points>
<point x="791" y="109"/>
<point x="689" y="109"/>
</points>
</Connector>
<Connector class="oracle.dbtools.crest.swingui.relational.TVFKRelation" oid="44CBA991-E97C-D336-D7CB-2B3B2CA08A9D" otype="FKIndexAssociation" vid_source="FD7BECB3-BC2F-DD13-B35D-501B9ABA2ED3" vid_target="D84019EA-37D6-771A-3845-A2E21E67FE01">
<hideElementsInCurrentOnly>false</hideElementsInCurrentOnly>
<backgroundColor>-16777216</backgroundColor>
<lineWidth>1</lineWidth>
<points>
<point x="364" y="472"/>
<point x="364" y="512"/>
</points>
</Connector>
<Connector class="oracle.dbtools.crest.swingui.relational.TVFKRelation" oid="47C6905C-5739-E9C7-506F-B149E0DBBCE0" otype="FKIndexAssociation" vid_source="FD7BECB3-BC2F-DD13-B35D-501B9ABA2ED3" vid_target="D1B32E37-282A-396C-6874-5759CB038E0D">
<hideElementsInCurrentOnly>false</hideElementsInCurrentOnly>
<backgroundColor>-16777216</backgroundColor>
<lineWidth>1</lineWidth>
<points>
<point x="634" y="454"/>
<point x="797" y="454"/>
</points>
</Connector>
<Connector class="oracle.dbtools.crest.swingui.relational.TVFKRelation" oid="514EB831-C74F-D924-A50F-53075597A6E4" otype="FKIndexAssociation" vid_source="FD7BECB3-BC2F-DD13-B35D-501B9ABA2ED3" vid_target="54C8B695-8047-4536-8130-AA248C5668F0">
<hideElementsInCurrentOnly>false</hideElementsInCurrentOnly>
<backgroundColor>-16777216</backgroundColor>
<lineWidth>1</lineWidth>
<points>
<point x="634" y="329"/>
<point x="796" y="329"/>
</points>
</Connector>
<Connector class="oracle.dbtools.crest.swingui.relational.TVFKRelation" oid="AD5D22DC-E0D0-8493-99AA-9D383D5E182D" otype="FKIndexAssociation" vid_source="206F4486-CC62-6564-088E-A1C011F7EB24" vid_target="753C4CF2-482A-26AD-B5F8-A9D421D5FBDF">
<hideElementsInCurrentOnly>false</hideElementsInCurrentOnly>
<backgroundColor>-16777216</backgroundColor>
<lineWidth>1</lineWidth>
<points>
<point x="689" y="94"/>
<point x="791" y="94"/>
</points>
</Connector>
<Connector class="oracle.dbtools.crest.swingui.relational.TVFKRelation" oid="FC4AD278-9DAA-2665-AB5E-E7042DD6B37A" otype="FKIndexAssociation" vid_source="206F4486-CC62-6564-088E-A1C011F7EB24" vid_target="FD7BECB3-BC2F-DD13-B35D-501B9ABA2ED3">
<hideElementsInCurrentOnly>false</hideElementsInCurrentOnly>
<backgroundColor>-16777216</backgroundColor>
<lineWidth>1</lineWidth>
<points>
<point x="371" y="222"/>
<point x="371" y="276"/>
</points>
</Connector>
<Connector class="oracle.dbtools.crest.swingui.relational.TVFKRelation" oid="FCFA1181-0E66-EB1B-F160-D2029582A8CE" otype="FKIndexAssociation" vid_source="D1B32E37-282A-396C-6874-5759CB038E0D" vid_target="BC0BBD64-D78C-50D3-7291-546459B9BDB7">
<hideElementsInCurrentOnly>false</hideElementsInCurrentOnly>
<backgroundColor>-16777216</backgroundColor>
<lineWidth>1</lineWidth>
<points>
<point x="1041" y="588"/>
<point x="1041" y="626"/>
</points>
</Connector>
</connectors>
</Diagram>